{"upstream-server": "http://localhost:9999", "resources": {"GET-user/john": {"category": "User"}, "GET-products/__id": {"category": "Product", "upstream-server": true}, "GET-user/__id/family/__name": {"category": "User"}, "GET-user/__id": {"category": "User"}, "RPC-user.list": {"upstream-server": false}, "POST-event": {"category": "Event", "upstream-server": true}, "DELETE-user/kevin": {"category": "User", "upstream-server": false}, "GET-user/tom": {"category": "User"}, "POST-user": {"category": "User"}}}